{
"lengthUnit": "mil",
"remark": [],
"components": {
	"fields": ["COMPONENT_NO", "COMPONENT_NAME", "LAYER", "X_COORDINATE", "Y_COORDINATE", "ANGLE"],
	"rows": [
		[1, "D1", "T", 1405, -760, 90],
		[2, "D2", "T", 2165, -765, 90],
		[3, "D3", "T", 2925, -760, 90],
		[4, "D4", "T", 3680, -490, 90],
		[5, "D17", "T", 3680, -920, 270],
		[6, "KEY1", "T", 1003.461, -576.95, 0],
		[7, "KEY2", "T", 1760, -575, 0],
		[8, "KEY3", "T", 2520, -575, 0],
		[9, "KEY4", "T", 3280, -575, 0],
		[10, "SW1", "T", 4130, -690, 180],
		[11, "U1", "B", 4135, -725, 180],
		[12, "PAD1", "T", 1405, -931.26, 0],
		[13, "PAD1", "B", 1405, -931.26, 0],
		[14, "PAD2", "T", 1405, -588.74, 0],
		[15, "PAD2", "B", 1405, -588.74, 0],
		[16, "PAD3", "T", 2165, -936.26, 0],
		[17, "PAD3", "B", 2165, -936.26, 0],
		[18, "PAD4", "T", 2165, -593.74, 0],
		[19, "PAD4", "B", 2165, -593.74, 0],
		[20, "PAD5", "T", 2925, -931.26, 0],
		[21, "PAD5", "B", 2925, -931.26, 0],
		[22, "PAD6", "T", 2925, -588.74, 0],
		[23, "PAD6", "B", 2925, -588.74, 0],
		[24, "PAD7", "T", 3680, -661.26, 0],
		[25, "PAD7", "B", 3680, -661.26, 0],
		[26, "PAD8", "T", 3680, -318.74, 0],
		[27, "PAD8", "B", 3680, -318.74, 0],
		[28, "PAD9", "T", 3680, -748.74, 0],
		[29, "PAD9", "B", 3680, -748.74, 0],
		[30, "PAD10", "T", 3680, -1091.26, 0],
		[31, "PAD10", "B", 3680, -1091.26, 0],
		[32, "PAD11", "T", 1128.266, -526.95, 0],
		[33, "PAD11", "B", 1128.266, -526.95, 0],
		[34, "PAD12", "T", 878.656, -626.95, 0],
		[35, "PAD12", "B", 878.656, -626.95, 0],
		[36, "PAD13", "T", 1884.805, -525, 0],
		[37, "PAD13", "B", 1884.805, -525, 0],
		[38, "PAD14", "T", 1635.195, -625, 0],
		[39, "PAD14", "B", 1635.195, -625, 0],
		[40, "PAD15", "T", 2644.805, -525, 0],
		[41, "PAD15", "B", 2644.805, -525, 0],
		[42, "PAD16", "T", 2395.195, -625, 0],
		[43, "PAD16", "B", 2395.195, -625, 0],
		[44, "PAD17", "T", 3404.805, -525, 0],
		[45, "PAD17", "B", 3404.805, -525, 0],
		[46, "PAD18", "T", 3155.195, -625, 0],
		[47, "PAD18", "B", 3155.195, -625, 0],
		[48, "PAD19", "T", 4230.005, -404.565, 0],
		[49, "PAD19", "B", 4230.005, -404.565, 0],
		[50, "PAD20", "T", 4130.005, -404.565, 0],
		[51, "PAD20", "B", 4130.005, -404.565, 0],
		[52, "PAD21", "T", 4030.005, -404.565, 0],
		[53, "PAD21", "B", 4030.005, -404.565, 0],
		[54, "PAD22", "T", 4230.005, -975.435, 0],
		[55, "PAD22", "B", 4230.005, -975.435, 0],
		[56, "PAD23", "T", 4030.005, -975.435, 0],
		[57, "PAD23", "B", 4030.005, -975.435, 0],
		[58, "PAD24", "B", 4452.5197, -425, 0],
		[59, "PAD25", "T", 4435, -425, 0],
		[60, "PAD25", "B", 4435, -425, 0],
		[61, "PAD26", "B", 4452.5197, -525, 0],
		[62, "PAD27", "T", 4435, -525, 0],
		[63, "PAD27", "B", 4435, -525, 0],
		[64, "PAD28", "B", 4452.5197, -625, 0],
		[65, "PAD29", "T", 4435, -625, 0],
		[66, "PAD29", "B", 4435, -625, 0],
		[67, "PAD30", "B", 4452.5197, -725, 0],
		[68, "PAD31", "T", 4435, -725, 0],
		[69, "PAD31", "B", 4435, -725, 0],
		[70, "PAD32", "T", 3835, -1025, 0],
		[71, "PAD32", "B", 3835, -1025, 0],
		[72, "PAD33", "B", 3816.1024, -1025, 0],
		[73, "PAD34", "T", 3835, -925, 0],
		[74, "PAD34", "B", 3835, -925, 0],
		[75, "PAD35", "B", 3816.1024, -925, 0],
		[76, "PAD36", "T", 3835, -825, 0],
		[77, "PAD36", "B", 3835, -825, 0],
		[78, "PAD37", "B", 3816.1024, -825, 0]
	]
},
"pins": {
	"fields": ["PIN_NO", "PIN_NAME", "PIN_X", "PIN_Y", "LAYER", "PIN_TYPE", "NET_NAME", "NET_TYPE", "PAD_SHAPE", "PAD_SIZEX", "PAD_SIZEY", "HOLE_SIZE", "HOLE_LEN", "PAD_ANGLE"],
	"rows": [
		[1, "D1_1", 1405, -931.26, "T", "DIP", "ROW1", "", "C", 70.866, 70.866, 39.37, 39.37, 90],
		[2, "D1_1", 1405, -931.26, "B", "DIP", "ROW1", "", "C", 70.866, 70.866, 39.37, 39.37, 90],
		[3, "D1_2", 1405, -588.74, "T", "DIP", "$1N542", "", "C", 70.866, 70.866, 39.37, 39.37, 90],
		[4, "D1_2", 1405, -588.74, "B", "DIP", "$1N542", "", "C", 70.866, 70.866, 39.37, 39.37, 90],
		[5, "D2_1", 2165, -936.26, "T", "DIP", "ROW2", "", "C", 70.866, 70.866, 39.37, 39.37, 90],
		[6, "D2_1", 2165, -936.26, "B", "DIP", "ROW2", "", "C", 70.866, 70.866, 39.37, 39.37, 90],
		[7, "D2_2", 2165, -593.74, "T", "DIP", "$1N567", "", "C", 70.866, 70.866, 39.37, 39.37, 90],
		[8, "D2_2", 2165, -593.74, "B", "DIP", "$1N567", "", "C", 70.866, 70.866, 39.37, 39.37, 90],
		[9, "D3_1", 2925, -931.26, "T", "DIP", "ROW3", "", "C", 70.866, 70.866, 39.37, 39.37, 90],
		[10, "D3_1", 2925, -931.26, "B", "DIP", "ROW3", "", "C", 70.866, 70.866, 39.37, 39.37, 90],
		[11, "D3_2", 2925, -588.74, "T", "DIP", "$1N592", "", "C", 70.866, 70.866, 39.37, 39.37, 90],
		[12, "D3_2", 2925, -588.74, "B", "DIP", "$1N592", "", "C", 70.866, 70.866, 39.37, 39.37, 90],
		[13, "D4_1", 3680, -661.26, "T", "DIP", "ROW4", "", "C", 70.866, 70.866, 39.37, 39.37, 90],
		[14, "D4_1", 3680, -661.26, "B", "DIP", "ROW4", "", "C", 70.866, 70.866, 39.37, 39.37, 90],
		[15, "D4_2", 3680, -318.74, "T", "DIP", "$1N617", "", "C", 70.866, 70.866, 39.37, 39.37, 90],
		[16, "D4_2", 3680, -318.74, "B", "DIP", "$1N617", "", "C", 70.866, 70.866, 39.37, 39.37, 90],
		[17, "D17_1", 3680, -748.74, "T", "DIP", "ROW5", "", "C", 70.866, 70.866, 39.37, 39.37, 270],
		[18, "D17_1", 3680, -748.74, "B", "DIP", "ROW5", "", "C", 70.866, 70.866, 39.37, 39.37, 270],
		[19, "D17_2", 3680, -1091.26, "T", "DIP", "$1N1036", "", "C", 70.866, 70.866, 39.37, 39.37, 270],
		[20, "D17_2", 3680, -1091.26, "B", "DIP", "$1N1036", "", "C", 70.866, 70.866, 39.37, 39.37, 270],
		[21, "KEY1_1", 878.656, -626.95, "T", "DIP", "COL1", "", "C", 70.866, 70.866, 47.244, 47.244, 0],
		[22, "KEY1_1", 878.656, -626.95, "B", "DIP", "COL1", "", "C", 70.866, 70.866, 47.244, 47.244, 0],
		[23, "KEY1_2", 1128.266, -526.95, "T", "DIP", "$1N542", "", "C", 70.866, 70.866, 47.244, 47.244, 0],
		[24, "KEY1_2", 1128.266, -526.95, "B", "DIP", "$1N542", "", "C", 70.866, 70.866, 47.244, 47.244, 0],
		[25, "KEY2_1", 1635.195, -625, "T", "DIP", "COL1", "", "C", 70.866, 70.866, 47.244, 47.244, 0],
		[26, "KEY2_1", 1635.195, -625, "B", "DIP", "COL1", "", "C", 70.866, 70.866, 47.244, 47.244, 0],
		[27, "KEY2_2", 1884.805, -525, "T", "DIP", "$1N567", "", "C", 70.866, 70.866, 47.244, 47.244, 0],
		[28, "KEY2_2", 1884.805, -525, "B", "DIP", "$1N567", "", "C", 70.866, 70.866, 47.244, 47.244, 0],
		[29, "KEY3_1", 2395.195, -625, "T", "DIP", "COL1", "", "C", 70.866, 70.866, 47.244, 47.244, 0],
		[30, "KEY3_1", 2395.195, -625, "B", "DIP", "COL1", "", "C", 70.866, 70.866, 47.244, 47.244, 0],
		[31, "KEY3_2", 2644.805, -525, "T", "DIP", "$1N592", "", "C", 70.866, 70.866, 47.244, 47.244, 0],
		[32, "KEY3_2", 2644.805, -525, "B", "DIP", "$1N592", "", "C", 70.866, 70.866, 47.244, 47.244, 0],
		[33, "KEY4_1", 3155.195, -625, "T", "DIP", "COL1", "", "C", 70.866, 70.866, 47.244, 47.244, 0],
		[34, "KEY4_1", 3155.195, -625, "B", "DIP", "COL1", "", "C", 70.866, 70.866, 47.244, 47.244, 0],
		[35, "KEY4_2", 3404.805, -525, "T", "DIP", "$1N617", "", "C", 70.866, 70.866, 47.244, 47.244, 0],
		[36, "KEY4_2", 3404.805, -525, "B", "DIP", "$1N617", "", "C", 70.866, 70.866, 47.244, 47.244, 0],
		[37, "SW1_6", 3913.465, -699.845, "T", "DIP", "NET_1", "", "O", 157.48, 90.551, 59.056, 118.11, 270],
		[38, "SW1_6", 3913.465, -699.845, "B", "DIP", "NET_1", "", "O", 157.48, 90.551, 59.056, 118.11, 270],
		[39, "SW1_7", 4346.535, -699.845, "T", "DIP", "NET_2", "", "O", 157.48, 90.551, 59.056, 118.11, 270],
		[40, "SW1_7", 4346.535, -699.845, "B", "DIP", "NET_2", "", "O", 157.48, 90.551, 59.056, 118.11, 270],
		[41, "SW1_A", 4230.005, -404.565, "T", "DIP", "CE2", "", "C", 70.866, 70.866, 51.182, 51.182, 180],
		[42, "SW1_A", 4230.005, -404.565, "B", "DIP", "CE2", "", "C", 70.866, 70.866, 51.182, 51.182, 180],
		[43, "SW1_B", 4030.005, -404.565, "T", "DIP", "CE2", "", "C", 70.866, 70.866, 51.182, 51.182, 180],
		[44, "SW1_B", 4030.005, -404.565, "B", "DIP", "CE2", "", "C", 70.866, 70.866, 51.182, 51.182, 180],
		[45, "SW1_C", 4130.005, -404.565, "T", "DIP", "GND", "GND", "C", 70.866, 70.866, 51.182, 51.182, 180],
		[46, "SW1_C", 4130.005, -404.565, "B", "DIP", "GND", "GND", "C", 70.866, 70.866, 51.182, 51.182, 180],
		[47, "SW1_D", 4230.005, -975.435, "T", "DIP", "COL1", "", "C", 70.866, 70.866, 51.182, 51.182, 180],
		[48, "SW1_D", 4230.005, -975.435, "B", "DIP", "COL1", "", "C", 70.866, 70.866, 51.182, 51.182, 180],
		[49, "SW1_E", 4030.005, -975.435, "T", "DIP", "$1N1036", "", "C", 70.866, 70.866, 51.182, 51.182, 180],
		[50, "SW1_E", 4030.005, -975.435, "B", "DIP", "$1N1036", "", "C", 70.866, 70.866, 51.182, 51.182, 180],
		[51, "U1_1", 4452.5197, -425, "B", "SMD", "ROW2", "", "R", 108.2677, 78.7402, 0, 0, 180],
		[52, "U1_1", 4435, -425, "T", "DIP", "ROW2", "", "R", 62.9921, 62.9921, 39.3701, 39.3701, 90],
		[53, "U1_1", 4435, -425, "B", "DIP", "ROW2", "", "R", 62.9921, 62.9921, 39.3701, 39.3701, 90],
		[54, "U1_2", 4452.5197, -525, "B", "SMD", "ROW3", "", "R", 108.2677, 78.7402, 0, 0, 180],
		[55, "U1_2", 4435, -525, "T", "DIP", "ROW3", "", "C", 62.9921, 62.9921, 39.3701, 39.3701, 90],
		[56, "U1_2", 4435, -525, "B", "DIP", "ROW3", "", "C", 62.9921, 62.9921, 39.3701, 39.3701, 90],
		[57, "U1_3", 4452.5197, -625, "B", "SMD", "ROW4", "", "R", 108.2677, 78.7402, 0, 0, 180],
		[58, "U1_3", 4435, -625, "T", "DIP", "ROW4", "", "C", 62.9921, 62.9921, 39.3701, 39.3701, 90],
		[59, "U1_3", 4435, -625, "B", "DIP", "ROW4", "", "C", 62.9921, 62.9921, 39.3701, 39.3701, 90],
		[60, "U1_4", 4452.5197, -725, "B", "SMD", "ROW5", "", "R", 108.2677, 78.7402, 0, 0, 180],
		[61, "U1_4", 4435, -725, "T", "DIP", "ROW5", "", "C", 62.9921, 62.9921, 39.3701, 39.3701, 90],
		[62, "U1_4", 4435, -725, "B", "DIP", "ROW5", "", "C", 62.9921, 62.9921, 39.3701, 39.3701, 90],
		[63, "U1_5", 4452.5197, -825, "B", "SMD", "NET_3", "", "R", 108.2677, 78.7402, 0, 0, 180],
		[64, "U1_5", 4435, -825, "T", "DIP", "NET_4", "", "C", 62.9921, 62.9921, 39.3701, 39.3701, 90],
		[65, "U1_5", 4435, -825, "B", "DIP", "NET_4", "", "C", 62.9921, 62.9921, 39.3701, 39.3701, 90],
		[66, "U1_6", 4452.5197, -925, "B", "SMD", "NET_5", "", "R", 108.2677, 78.7402, 0, 0, 180],
		[67, "U1_6", 4435, -925, "T", "DIP", "NET_6", "", "C", 62.9921, 62.9921, 39.3701, 39.3701, 90],
		[68, "U1_6", 4435, -925, "B", "DIP", "NET_6", "", "C", 62.9921, 62.9921, 39.3701, 39.3701, 90],
		[69, "U1_7", 4452.5197, -1025, "B", "SMD", "NET_7", "", "R", 108.2677, 78.7402, 0, 0, 180],
		[70, "U1_7", 4435, -1025, "T", "DIP", "NET_8", "", "C", 62.9921, 62.9921, 39.3701, 39.3701, 90],
		[71, "U1_7", 4435, -1025, "B", "DIP", "NET_8", "", "C", 62.9921, 62.9921, 39.3701, 39.3701, 90],
		[72, "U1_8", 3835, -1025, "T", "DIP", "COL1", "", "C", 62.9921, 62.9921, 39.3701, 39.3701, 90],
		[73, "U1_8", 3835, -1025, "B", "DIP", "COL1", "", "C", 62.9921, 62.9921, 39.3701, 39.3701, 90],
		[74, "U1_8", 3816.1024, -1025, "B", "SMD", "COL1", "", "R", 108.2677, 78.7402, 0, 0, 180],
		[75, "U1_9", 3835, -925, "T", "DIP", "CE2", "", "C", 62.9921, 62.9921, 39.3701, 39.3701, 90],
		[76, "U1_9", 3835, -925, "B", "DIP", "CE2", "", "C", 62.9921, 62.9921, 39.3701, 39.3701, 90],
		[77, "U1_9", 3816.1024, -925, "B", "SMD", "CE2", "", "R", 108.2677, 78.7402, 0, 0, 180],
		[78, "U1_10", 3835, -825, "T", "DIP", "CE1", "", "C", 62.9921, 62.9921, 39.3701, 39.3701, 90],
		[79, "U1_10", 3835, -825, "B", "DIP", "CE1", "", "C", 62.9921, 62.9921, 39.3701, 39.3701, 90],
		[80, "U1_10", 3816.1024, -825, "B", "SMD", "CE1", "", "R", 108.2677, 78.7402, 0, 0, 180],
		[81, "U1_11", 3835, -725, "T", "DIP", "NET_9", "", "C", 62.9921, 62.9921, 39.3701, 39.3701, 90],
		[82, "U1_11", 3835, -725, "B", "DIP", "NET_9", "", "C", 62.9921, 62.9921, 39.3701, 39.3701, 90],
		[83, "U1_11", 3816.1024, -725, "B", "SMD", "NET_10", "", "R", 108.2677, 78.7402, 0, 0, 180],
		[84, "U1_12", 3835, -625, "T", "DIP", "NET_11", "", "C", 62.9921, 62.9921, 39.3701, 39.3701, 90],
		[85, "U1_12", 3835, -625, "B", "DIP", "NET_11", "", "C", 62.9921, 62.9921, 39.3701, 39.3701, 90],
		[86, "U1_12", 3816.1024, -625, "B", "SMD", "NET_12", "", "R", 108.2677, 78.7402, 0, 0, 180],
		[87, "U1_13", 3835, -525, "T", "DIP", "NET_13", "", "C", 62.9921, 62.9921, 39.3701, 39.3701, 90],
		[88, "U1_13", 3835, -525, "B", "DIP", "NET_13", "", "C", 62.9921, 62.9921, 39.3701, 39.3701, 90],
		[89, "U1_13", 3816.1024, -525, "B", "SMD", "NET_14", "", "R", 108.2677, 78.7402, 0, 0, 180],
		[90, "U1_14", 3835, -425, "T", "DIP", "NET_15", "", "C", 62.9921, 62.9921, 39.3701, 39.3701, 90],
		[91, "U1_14", 3835, -425, "B", "DIP", "NET_15", "", "C", 62.9921, 62.9921, 39.3701, 39.3701, 90],
		[92, "U1_14", 3816.1024, -425, "B", "SMD", "NET_16", "", "R", 108.2677, 78.7402, 0, 0, 180],
		[93, "PAD1_1", 1405, -931.26, "T", "DIP", "ROW1", "", "C", 70.866, 70.866, 39.37, 39.37, 90],
		[94, "PAD1_1", 1405, -931.26, "B", "DIP", "ROW1", "", "C", 70.866, 70.866, 39.37, 39.37, 90],
		[95, "PAD2_2", 1405, -588.74, "T", "DIP", "$1N542", "", "C", 70.866, 70.866, 39.37, 39.37, 90],
		[96, "PAD2_2", 1405, -588.74, "B", "DIP", "$1N542", "", "C", 70.866, 70.866, 39.37, 39.37, 90],
		[97, "PAD3_1", 2165, -936.26, "T", "DIP", "ROW2", "", "C", 70.866, 70.866, 39.37, 39.37, 90],
		[98, "PAD3_1", 2165, -936.26, "B", "DIP", "ROW2", "", "C", 70.866, 70.866, 39.37, 39.37, 90],
		[99, "PAD4_2", 2165, -593.74, "T", "DIP", "$1N567", "", "C", 70.866, 70.866, 39.37, 39.37, 90],
		[100, "PAD4_2", 2165, -593.74, "B", "DIP", "$1N567", "", "C", 70.866, 70.866, 39.37, 39.37, 90],
		[101, "PAD5_1", 2925, -931.26, "T", "DIP", "ROW3", "", "C", 70.866, 70.866, 39.37, 39.37, 90],
		[102, "PAD5_1", 2925, -931.26, "B", "DIP", "ROW3", "", "C", 70.866, 70.866, 39.37, 39.37, 90],
		[103, "PAD6_2", 2925, -588.74, "T", "DIP", "$1N592", "", "C", 70.866, 70.866, 39.37, 39.37, 90],
		[104, "PAD6_2", 2925, -588.74, "B", "DIP", "$1N592", "", "C", 70.866, 70.866, 39.37, 39.37, 90],
		[105, "PAD7_1", 3680, -661.26, "T", "DIP", "ROW4", "", "C", 70.866, 70.866, 39.37, 39.37, 90],
		[106, "PAD7_1", 3680, -661.26, "B", "DIP", "ROW4", "", "C", 70.866, 70.866, 39.37, 39.37, 90],
		[107, "PAD8_2", 3680, -318.74, "T", "DIP", "$1N617", "", "C", 70.866, 70.866, 39.37, 39.37, 90],
		[108, "PAD8_2", 3680, -318.74, "B", "DIP", "$1N617", "", "C", 70.866, 70.866, 39.37, 39.37, 90],
		[109, "PAD9_1", 3680, -748.74, "T", "DIP", "ROW5", "", "C", 70.866, 70.866, 39.37, 39.37, 270],
		[110, "PAD9_1", 3680, -748.74, "B", "DIP", "ROW5", "", "C", 70.866, 70.866, 39.37, 39.37, 270],
		[111, "PAD10_2", 3680, -1091.26, "T", "DIP", "$1N1036", "", "C", 70.866, 70.866, 39.37, 39.37, 270],
		[112, "PAD10_2", 3680, -1091.26, "B", "DIP", "$1N1036", "", "C", 70.866, 70.866, 39.37, 39.37, 270],
		[113, "PAD11_2", 1128.266, -526.95, "T", "DIP", "$1N542", "", "C", 70.866, 70.866, 47.244, 47.244, 0],
		[114, "PAD11_2", 1128.266, -526.95, "B", "DIP", "$1N542", "", "C", 70.866, 70.866, 47.244, 47.244, 0],
		[115, "PAD12_1", 878.656, -626.95, "T", "DIP", "COL1", "", "C", 70.866, 70.866, 47.244, 47.244, 0],
		[116, "PAD12_1", 878.656, -626.95, "B", "DIP", "COL1", "", "C", 70.866, 70.866, 47.244, 47.244, 0],
		[117, "PAD13_2", 1884.805, -525, "T", "DIP", "$1N567", "", "C", 70.866, 70.866, 47.244, 47.244, 0],
		[118, "PAD13_2", 1884.805, -525, "B", "DIP", "$1N567", "", "C", 70.866, 70.866, 47.244, 47.244, 0],
		[119, "PAD14_1", 1635.195, -625, "T", "DIP", "COL1", "", "C", 70.866, 70.866, 47.244, 47.244, 0],
		[120, "PAD14_1", 1635.195, -625, "B", "DIP", "COL1", "", "C", 70.866, 70.866, 47.244, 47.244, 0],
		[121, "PAD15_2", 2644.805, -525, "T", "DIP", "$1N592", "", "C", 70.866, 70.866, 47.244, 47.244, 0],
		[122, "PAD15_2", 2644.805, -525, "B", "DIP", "$1N592", "", "C", 70.866, 70.866, 47.244, 47.244, 0],
		[123, "PAD16_1", 2395.195, -625, "T", "DIP", "COL1", "", "C", 70.866, 70.866, 47.244, 47.244, 0],
		[124, "PAD16_1", 2395.195, -625, "B", "DIP", "COL1", "", "C", 70.866, 70.866, 47.244, 47.244, 0],
		[125, "PAD17_2", 3404.805, -525, "T", "DIP", "$1N617", "", "C", 70.866, 70.866, 47.244, 47.244, 0],
		[126, "PAD17_2", 3404.805, -525, "B", "DIP", "$1N617", "", "C", 70.866, 70.866, 47.244, 47.244, 0],
		[127, "PAD18_1", 3155.195, -625, "T", "DIP", "COL1", "", "C", 70.866, 70.866, 47.244, 47.244, 0],
		[128, "PAD18_1", 3155.195, -625, "B", "DIP", "COL1", "", "C", 70.866, 70.866, 47.244, 47.244, 0],
		[129, "PAD19_A", 4230.005, -404.565, "T", "DIP", "CE2", "", "C", 70.866, 70.866, 51.182, 51.182, 180],
		[130, "PAD19_A", 4230.005, -404.565, "B", "DIP", "CE2", "", "C", 70.866, 70.866, 51.182, 51.182, 180],
		[131, "PAD20_C", 4130.005, -404.565, "T", "DIP", "GND", "GND", "C", 70.866, 70.866, 51.182, 51.182, 180],
		[132, "PAD20_C", 4130.005, -404.565, "B", "DIP", "GND", "GND", "C", 70.866, 70.866, 51.182, 51.182, 180],
		[133, "PAD21_B", 4030.005, -404.565, "T", "DIP", "CE2", "", "C", 70.866, 70.866, 51.182, 51.182, 180],
		[134, "PAD21_B", 4030.005, -404.565, "B", "DIP", "CE2", "", "C", 70.866, 70.866, 51.182, 51.182, 180],
		[135, "PAD22_D", 4230.005, -975.435, "T", "DIP", "COL1", "", "C", 70.866, 70.866, 51.182, 51.182, 180],
		[136, "PAD22_D", 4230.005, -975.435, "B", "DIP", "COL1", "", "C", 70.866, 70.866, 51.182, 51.182, 180],
		[137, "PAD23_E", 4030.005, -975.435, "T", "DIP", "$1N1036", "", "C", 70.866, 70.866, 51.182, 51.182, 180],
		[138, "PAD23_E", 4030.005, -975.435, "B", "DIP", "$1N1036", "", "C", 70.866, 70.866, 51.182, 51.182, 180],
		[139, "PAD24_1", 4452.5197, -425, "B", "SMD", "ROW2", "", "R", 108.2677, 78.7402, 0, 0, 180],
		[140, "PAD25_1", 4435, -425, "T", "DIP", "ROW2", "", "R", 62.9921, 62.9921, 39.3701, 39.3701, 90],
		[141, "PAD25_1", 4435, -425, "B", "DIP", "ROW2", "", "R", 62.9921, 62.9921, 39.3701, 39.3701, 90],
		[142, "PAD26_2", 4452.5197, -525, "B", "SMD", "ROW3", "", "R", 108.2677, 78.7402, 0, 0, 180],
		[143, "PAD27_2", 4435, -525, "T", "DIP", "ROW3", "", "C", 62.9921, 62.9921, 39.3701, 39.3701, 90],
		[144, "PAD27_2", 4435, -525, "B", "DIP", "ROW3", "", "C", 62.9921, 62.9921, 39.3701, 39.3701, 90],
		[145, "PAD28_3", 4452.5197, -625, "B", "SMD", "ROW4", "", "R", 108.2677, 78.7402, 0, 0, 180],
		[146, "PAD29_3", 4435, -625, "T", "DIP", "ROW4", "", "C", 62.9921, 62.9921, 39.3701, 39.3701, 90],
		[147, "PAD29_3", 4435, -625, "B", "DIP", "ROW4", "", "C", 62.9921, 62.9921, 39.3701, 39.3701, 90],
		[148, "PAD30_4", 4452.5197, -725, "B", "SMD", "ROW5", "", "R", 108.2677, 78.7402, 0, 0, 180],
		[149, "PAD31_4", 4435, -725, "T", "DIP", "ROW5", "", "C", 62.9921, 62.9921, 39.3701, 39.3701, 90],
		[150, "PAD31_4", 4435, -725, "B", "DIP", "ROW5", "", "C", 62.9921, 62.9921, 39.3701, 39.3701, 90],
		[151, "PAD32_8", 3835, -1025, "T", "DIP", "COL1", "", "C", 62.9921, 62.9921, 39.3701, 39.3701, 90],
		[152, "PAD32_8", 3835, -1025, "B", "DIP", "COL1", "", "C", 62.9921, 62.9921, 39.3701, 39.3701, 90],
		[153, "PAD33_8", 3816.1024, -1025, "B", "SMD", "COL1", "", "R", 108.2677, 78.7402, 0, 0, 180],
		[154, "PAD34_9", 3835, -925, "T", "DIP", "CE2", "", "C", 62.9921, 62.9921, 39.3701, 39.3701, 90],
		[155, "PAD34_9", 3835, -925, "B", "DIP", "CE2", "", "C", 62.9921, 62.9921, 39.3701, 39.3701, 90],
		[156, "PAD35_9", 3816.1024, -925, "B", "SMD", "CE2", "", "R", 108.2677, 78.7402, 0, 0, 180],
		[157, "PAD36_10", 3835, -825, "T", "DIP", "CE1", "", "C", 62.9921, 62.9921, 39.3701, 39.3701, 90],
		[158, "PAD36_10", 3835, -825, "B", "DIP", "CE1", "", "C", 62.9921, 62.9921, 39.3701, 39.3701, 90],
		[159, "PAD37_10", 3816.1024, -825, "B", "SMD", "CE1", "", "R", 108.2677, 78.7402, 0, 0, 180]
	]
}
}